{
  "hash": "eac0ea76",
  "configHash": "33899fe0",
  "lockfileHash": "4d4a2a00",
  "browserHash": "8a99740b",
  "optimized": {
    "@angular/core": {
      "src": "../../../../../node_modules/@angular/core/fesm2022/core.mjs",
      "file": "@angular_core.js",
      "fileHash": "af2f69fd",
      "needsInterop": false
    },
    "@angular/platform-browser": {
      "src": "../../../../../node_modules/@angular/platform-browser/fesm2022/platform-browser.mjs",
      "file": "@angular_platform-browser.js",
      "fileHash": "db9e6150",
      "needsInterop": false
    },
    "@angular/router": {
      "src": "../../../../../node_modules/@angular/router/fesm2022/router.mjs",
      "file": "@angular_router.js",
      "fileHash": "f210fadc",
      "needsInterop": false
    }
  },
  "chunks": {
    "chunk-ZQYC46LV": {
      "file": "chunk-ZQYC46LV.js"
    },
    "chunk-7XNSWP76": {
      "file": "chunk-7XNSWP76.js"
    }
  }
}